series_id,year,period,period_name,value
CUUR0000SA0,2024,M12,December,315.605
CUUR0000SA0,2024,M11,November,315.493
CUUR0000SA0,2024,M10,October,315.664
CUUR0000SA0,2024,M09,September,315.301
CUUR0000SA0,2024,M08,August,314.796
CUUR0000SA0,2024,M07,July,314.54
CUUR0000SA0,2024,M06,June,314.175
CUUR0000SA0,2024,M05,May,314.069
CUUR0000SA0,2024,M04,April,313.548
CUUR0000SA0,2024,M03,March,312.332
CUUR0000SA0,2024,M02,February,310.326
CUUR0000SA0,2024,M01,January,308.417
CUUR0000SA0,2023,M12,December,306.746
CUUR0000SA0,2023,M11,November,307.051
CUUR0000SA0,2023,M10,October,307.671
CUUR0000SA0,2023,M09,September,307.789
CUUR0000SA0,2023,M08,August,307.026
CUUR0000SA0,2023,M07,July,305.691
CUUR0000SA0,2023,M06,June,305.109
CUUR0000SA0,2023,M05,May,304.127
CUUR0000SA0,2023,M04,April,303.363
CUUR0000SA0,2023,M03,March,301.836
CUUR0000SA0,2023,M02,February,300.84
CUUR0000SA0,2023,M01,January,299.17
CUUR0000SA0,2022,M12,December,296.797
CUUR0000SA0,2022,M11,November,297.711
CUUR0000SA0,2022,M10,October,298.012
CUUR0000SA0,2022,M09,September,296.808
CUUR0000SA0,2022,M08,August,296.171
CUUR0000SA0,2022,M07,July,296.276
CUUR0000SA0,2022,M06,June,296.311
CUUR0000SA0,2022,M05,May,292.296
CUUR0000SA0,2022,M04,April,289.109
CUUR0000SA0,2022,M03,March,287.504
CUUR0000SA0,2022,M02,February,283.716
CUUR0000SA0,2022,M01,January,281.148
CUUR0000SA0,2021,M12,December,278.802
CUUR0000SA0,2021,M11,November,277.948
CUUR0000SA0,2021,M10,October,276.589
CUUR0000SA0,2021,M09,September,274.31
CUUR0000SA0,2021,M08,August,273.567
CUUR0000SA0,2021,M07,July,273.003
CUUR0000SA0,2021,M06,June,271.696
CUUR0000SA0,2021,M05,May,269.195
CUUR0000SA0,2021,M04,April,267.054
CUUR0000SA0,2021,M03,March,264.877
CUUR0000SA0,2021,M02,February,263.014
CUUR0000SA0,2021,M01,January,261.582
CUUR0000SA0,2020,M12,December,260.474
CUUR0000SA0,2020,M11,November,260.229
CUUR0000SA0,2020,M10,October,260.388
CUUR0000SA0,2020,M09,September,260.28
CUUR0000SA0,2020,M08,August,259.918
CUUR0000SA0,2020,M07,July,259.101
CUUR0000SA0,2020,M06,June,257.797
CUUR0000SA0,2020,M05,May,256.394
CUUR0000SA0,2020,M04,April,256.389
CUUR0000SA0,2020,M03,March,258.115
CUUR0000SA0,2020,M02,February,258.678
CUUR0000SA0,2020,M01,January,257.971
LNS14000000,2024,M12,December,4.1
LNS14000000,2024,M11,November,4.2
LNS14000000,2024,M10,October,4.1
LNS14000000,2024,M09,September,4.1
LNS14000000,2024,M08,August,4.2
LNS14000000,2024,M07,July,4.2
LNS14000000,2024,M06,June,4.1
LNS14000000,2024,M05,May,3.9
LNS14000000,2024,M04,April,3.9
LNS14000000,2024,M03,March,3.9
LNS14000000,2024,M02,February,3.9
LNS14000000,2024,M01,January,3.7
LNS14000000,2023,M12,December,3.8
LNS14000000,2023,M11,November,3.7
LNS14000000,2023,M10,October,3.9
LNS14000000,2023,M09,September,3.7
LNS14000000,2023,M08,August,3.7
LNS14000000,2023,M07,July,3.5
LNS14000000,2023,M06,June,3.6
LNS14000000,2023,M05,May,3.6
LNS14000000,2023,M04,April,3.4
LNS14000000,2023,M03,March,3.5
LNS14000000,2023,M02,February,3.6
LNS14000000,2023,M01,January,3.5
LNS14000000,2022,M12,December,3.5
LNS14000000,2022,M11,November,3.6
LNS14000000,2022,M10,October,3.6
LNS14000000,2022,M09,September,3.5
LNS14000000,2022,M08,August,3.6
LNS14000000,2022,M07,July,3.5
LNS14000000,2022,M06,June,3.6
LNS14000000,2022,M05,May,3.6
LNS14000000,2022,M04,April,3.7
LNS14000000,2022,M03,March,3.7
LNS14000000,2022,M02,February,3.9
LNS14000000,2022,M01,January,4.0
LNS14000000,2021,M12,December,3.9
LNS14000000,2021,M11,November,4.1
LNS14000000,2021,M10,October,4.5
LNS14000000,2021,M09,September,4.7
LNS14000000,2021,M08,August,5.1
LNS14000000,2021,M07,July,5.4
LNS14000000,2021,M06,June,5.9
LNS14000000,2021,M05,May,5.8
LNS14000000,2021,M04,April,6.1
LNS14000000,2021,M03,March,6.1
LNS14000000,2021,M02,February,6.2
LNS14000000,2021,M01,January,6.4
LNS14000000,2020,M12,December,6.7
LNS14000000,2020,M11,November,6.7
LNS14000000,2020,M10,October,6.9
LNS14000000,2020,M09,September,7.8
LNS14000000,2020,M08,August,8.4
LNS14000000,2020,M07,July,10.2
LNS14000000,2020,M06,June,11.0
LNS14000000,2020,M05,May,13.2
LNS14000000,2020,M04,April,14.8
LNS14000000,2020,M03,March,4.4
LNS14000000,2020,M02,February,3.5
LNS14000000,2020,M01,January,3.6
